model,feature,value
gbm,spread_line,0.6216973031043234
gbm,net_ppd_adj,0.05803441454185236
gbm,d_margin_adj,0.051594502168140634
gbm,d_qb_epa,0.04550494808517919
gbm,net_epa_adj,0.041383332377442725
gbm,d_def_sack_rate,0.011913601314991265
gbm,d_off_pressure_rate,0.011796779529664115
gbm,d_def_to_luck_adj,0.011697207483678718
gbm,d_off_sack_rate,0.011499677042352646
gbm,d_off_to_luck_adj,0.010509459700856321
gbm,net_pass_epa_adj,0.009348223490368323
gbm,net_sr_adj,0.00882237327876373
gbm,net_early_epa_adj,0.007584556772403614
gbm,d_off_int_rate,0.007484264692599095
gbm,d_def_rz_td,0.006558971768665211
gbm,d_off_rz_td,0.006496227093333467
gbm,d_def_explosive,0.0064874831514742815
gbm,temp_f,0.006345611995681856
gbm,total_line,0.005610017677987224
gbm,d_qb_plays,0.005294626964624656
gbm,d_st_epa,0.005246105584941228
gbm,d_off_third_conv,0.004980238582836935
gbm,d_off_plays,0.004962378234101687
gbm,travel_mi,0.004947085283524633
gbm,d_off_explosive,0.004888768183225882
gbm,d_def_third_conv,0.004635271799448203
gbm,d_pen_yds,0.004345351026118089
gbm,d_def_int_rate,0.003482943197536988
gbm,d_def_pressure_rate,0.003227822997479956
gbm,d_off_proe,0.0029693891074195453
gbm,h_qb_change,0.002013594887264323
gbm,d_def_cpoe,0.001959522534018707
gbm,min_games,0.0013312108769984014
gbm,d_off_cpoe,0.0013287833042675218
gbm,net_rush_epa_adj,0.0011506065434043306
gbm,div,0.0010350405400219212
gbm,rest_diff,0.0007117239690423951
gbm,tz_shift,0.0003314313751375655
gbm,a_qb_change,0.00029880945080994626
gbm,west_early,0.0002592082237128292
gbm,wind_f,0.00023113206430614718
gbm,home_short,0.0
gbm,away_short,0.0
gbm,home_bye,0.0
gbm,away_bye,0.0
gbm,neutral,0.0
gbm,indoor,0.0
gbm,turf,0.0
gbm,primetime,0.0
gbm,playoff,0.0
logit_epa,d_qb_epa,0.19802151933326673
logit_epa,d_margin_adj,0.12475284962945901
logit_epa,net_sr_adj,0.09955236370478451
logit_epa,net_ppd_adj,0.0970163810205253
logit_epa,d_st_epa,0.08559801295411386
logit_epa,h_qb_change,-0.07556905538078681
logit_epa,d_def_explosive,-0.07434231454152468
logit_epa,d_off_sack_rate,-0.05649494443603688
logit_epa,d_qb_plays,0.05403945388907073
logit_epa,a_qb_change,0.05318577424945143
logit_epa,away_bye,-0.04437593284199418
logit_epa,net_early_epa_adj,0.04368249060634739
logit_epa,net_epa_adj,0.042894810380279674
logit_epa,d_off_pressure_rate,-0.04095262795719557
logit_epa,net_rush_epa_adj,0.04074195399628627
logit_epa,div,-0.04025340198923902
logit_epa,west_early,0.038120151395090826
logit_epa,turf,0.03697193945599009
logit_epa,neutral,-0.03684235190259479
logit_epa,d_off_to_luck_adj,-0.03446958420241829
logit_epa,d_off_int_rate,0.03389888737501235
logit_epa,d_def_rz_td,-0.03021872000520145
logit_epa,net_pass_epa_adj,0.030196294106186874
logit_epa,temp_f,-0.030072802295229396
logit_epa,indoor,-0.03005119049854099
logit_epa,rest_diff,0.028897622015635865
logit_epa,d_def_to_luck_adj,0.02574144236985909
logit_epa,d_off_third_conv,0.022567396520622566
logit_epa,d_def_pressure_rate,0.0208340439515319
logit_epa,home_bye,0.019745664371236055
logit_epa,tz_shift,-0.019267705037568927
logit_epa,d_def_sack_rate,0.01575389047269949
logit_epa,d_off_proe,-0.01530555517502622
logit_epa,d_pen_yds,-0.014865560423895072
logit_epa,primetime,0.014531423999759402
logit_epa,d_off_plays,-0.014254720933884128
logit_epa,d_def_third_conv,0.013850302540913417
logit_epa,d_def_int_rate,-0.01314899977249734
logit_epa,d_off_explosive,0.012201355752707184
logit_epa,d_off_rz_td,-0.012005456758875982
logit_epa,d_off_cpoe,0.01073691653499163
logit_epa,d_def_cpoe,-0.008675981254081318
logit_epa,home_short,-0.004774082322778127
logit_epa,wind_f,-0.0045470683576102865
logit_epa,away_short,0.0015317409137210153
logit_epa,min_games,0.0013680293753237493
logit_epa,travel_mi,0.0008558312702995654
logit_epa,playoff,-0.0004515639796921436
logit_epa_mkt,spread_line,0.7959958548224894
logit_epa_mkt,net_epa_adj,-0.15102219561298094
logit_epa_mkt,d_margin_adj,0.15097356077573737
logit_epa_mkt,d_qb_epa,0.08850304146040307
logit_epa_mkt,net_pass_epa_adj,-0.06980767533044654
logit_epa_mkt,net_sr_adj,0.05136297116680189
logit_epa_mkt,net_early_epa_adj,0.04885950833851659
logit_epa_mkt,total_line,-0.03608760104986231
logit_epa_mkt,net_ppd_adj,-0.02561622807790694
logit_epa_mkt,net_rush_epa_adj,-0.004766353982342595
