angle,label,99-05_n,99-05_ats,99-05_z,06-11_n,06-11_ats,06-11_z,12-17_n,12-17_ats,12-17_z,18-25_n,18-25_ats,18-25_z,99-25_n,99-25_ats,99-25_z,eras_same_sign,eras_pos,verdict
road_fav_big,Fade road favourite of 7+,109,0.5596,1.2452,121,0.6033,2.2727,89,0.4719,-0.53,190,0.5684,1.8862,509,0.558,2.6151,3,3,faded / died
road_dog,Road underdog (take away team),1201,0.5096,0.6637,1047,0.5244,1.5761,1026,0.5058,0.3746,1330,0.5271,1.9743,4604,0.5172,2.3286,4,4,holds
dog,Always take the underdog,1760,0.5085,0.7151,1559,0.5164,1.2917,1556,0.5006,0.0507,2175,0.5223,2.0799,7050,0.5128,2.1438,4,4,holds
lookahead,Fade favourite with division game next week,602,0.4983,-0.0815,435,0.5126,0.5274,419,0.5537,2.1984,562,0.5267,1.2655,2018,0.5208,1.8699,3,3,mostly holds
revenge,Revenge: team that lost the earlier meeting this season,414,0.5338,1.3761,323,0.5139,0.5008,315,0.5397,1.4086,427,0.5082,0.3388,1479,0.5233,1.7942,4,4,consistent but weak
fade_last_cover,Fade team that beat the spread most last week,765,0.4863,-0.7593,681,0.5316,1.6478,685,0.5255,1.3373,866,0.5185,1.0874,2997,0.5148,1.6257,3,3,mostly holds
playoff_dog,Playoff underdog,75,0.52,0.3464,65,0.5692,1.1163,62,0.5323,0.508,100,0.56,1.2,302,0.5464,1.6112,4,4,consistent but weak
dome_in_cold,Fade dome road team in cold,39,0.5897,1.1209,42,0.6905,2.4689,46,0.4783,-0.2949,78,0.5128,0.2265,205,0.5561,1.6064,3,3,faded / died
fade_big_fav,Fade favourite of 10+,184,0.5217,0.5898,242,0.562,1.9285,172,0.4884,-0.305,280,0.5036,0.1195,878,0.5205,1.2149,3,3,no edge
fade_l3_ats,Fade better last-3 ATS margin (diff>=10),635,0.4898,-0.5159,584,0.4966,-0.1655,546,0.522,1.0271,696,0.533,1.7436,2461,0.5108,1.0684,2,2,no edge
div_rematch_dog,Division rematch underdog,380,0.5263,1.026,291,0.5189,0.6448,287,0.4774,-0.7674,391,0.5243,0.9609,1349,0.5137,1.0074,3,3,no edge
letdown,Fade favourite off upset/blowout win,341,0.5279,1.0289,312,0.5353,1.2455,252,0.4802,-0.6299,314,0.5064,0.2257,1219,0.5144,1.0025,3,3,no edge
west_night_home,West home team vs Eastern team at night,14,0.5714,0.5345,17,0.7647,2.1828,26,0.5,0.0,43,0.4884,-0.1525,100,0.55,1.0,2,2,no edge
bounce,Team off a 21+ point loss,260,0.4769,-0.7442,259,0.5444,1.4292,235,0.5234,0.7176,302,0.5132,0.4603,1056,0.5142,0.9232,3,3,mostly holds
fade_season_ats,"Fade better season ATS margin (diff>=4, wk>=6)",560,0.4821,-0.8452,498,0.5161,0.717,490,0.5143,0.6325,569,0.5272,1.2996,2117,0.5097,0.8911,3,3,mostly holds
dog_in_wind,Underdog in wind >= 15 mph,205,0.5561,1.6064,166,0.5241,0.6209,129,0.5116,0.2641,159,0.4591,-1.031,659,0.5159,0.818,3,3,no edge
juice,Side with more expensive spread juice,0,,,840,0.5107,0.6211,838,0.4857,-0.8291,1152,0.5208,1.4142,2830,0.5074,0.7895,2,2,no edge
fade_fav_75,Fade favourite laying -7.5,58,0.4655,-0.5252,26,0.6538,1.5689,83,0.4337,-1.2074,124,0.5806,1.7961,291,0.5223,0.7621,2,2,no edge
west_early,Fade West team in early body-clock kickoff,223,0.5381,1.1384,107,0.5607,1.2568,105,0.4857,-0.2928,152,0.4671,-0.8111,587,0.5145,0.7017,2,2,no edge
fade_winpct,"Fade better record (diff>=.3, wk>=6)",294,0.5068,0.2333,282,0.5319,1.0719,241,0.5021,0.0644,324,0.5,0.0,1141,0.5101,0.6809,3,3,no edge
late_home_dog,"Home dog, weeks 13+",175,0.5543,1.4363,163,0.5276,0.7049,160,0.4562,-1.1068,285,0.5088,0.2962,783,0.5121,0.679,3,3,no edge
travel_far,Fade team travelling 2000km+ further,475,0.5179,0.78,410,0.5341,1.3828,434,0.4931,-0.288,590,0.4898,-0.494,1909,0.5071,0.618,2,2,no edge
third_road,Fade road team on 3rd+ straight road game,42,0.619,1.543,40,0.45,-0.6325,37,0.4595,-0.4932,63,0.5397,0.6299,182,0.522,0.593,2,2,no edge
rest_adv,Team with more rest (sign of rest diff),527,0.5066,0.3049,489,0.5194,0.8592,557,0.5117,0.5508,792,0.4924,-0.4264,2365,0.5057,0.5552,3,3,no edge
thursday_home,Home team on Thursday,24,0.4583,-0.4082,54,0.6111,1.633,102,0.5,0.0,138,0.4928,-0.1703,318,0.5126,0.4486,2,1,no edge
home_dog,Home underdog (take home),559,0.5063,0.2961,512,0.5,0.0,530,0.4906,-0.4344,845,0.5148,0.86,2446,0.5045,0.4448,2,2,no edge
ref_home,Referee with home-cover history (|res|>=.03),631,0.5024,0.1194,483,0.4845,-0.6825,374,0.492,-0.3103,832,0.5228,1.3174,2320,0.5043,0.4152,2,2,no edge
fade_ats_streak,Fade team on longer ATS win streak (diff>=3),667,0.4843,-0.8131,548,0.5036,0.1709,558,0.5269,1.27,790,0.5025,0.1423,2563,0.5033,0.3358,3,3,mostly holds
fav_at_7,Take favourite at exactly -7,132,0.4773,-0.5222,112,0.5536,1.1339,100,0.5,0.0,115,0.487,-0.2798,459,0.5033,0.14,2,1,no edge
bye_adv,Team off bye vs team not off bye,213,0.4977,-0.0685,188,0.5372,1.0211,184,0.5054,0.1474,228,0.4737,-0.7947,813,0.5018,0.1052,2,2,no edge
fade_fav_35,Fade favourite laying -3.5,158,0.538,0.9547,135,0.5185,0.4303,165,0.4545,-1.1677,224,0.5,0.0,682,0.5015,0.0766,2,2,no edge
young_qb,Team with QB < 8 starts,451,0.4678,-1.3656,347,0.5418,1.5568,332,0.4729,-0.9879,499,0.519,0.8506,1629,0.5003,0.0248,2,2,no edge
home_dog_bye,Home dog off bye,44,0.5,0.0,33,0.5152,0.1741,28,0.3214,-1.8898,49,0.5918,1.2857,154,0.5,0.0,2,2,no edge
coach_year1,Team with first-year coach,525,0.5067,0.3055,548,0.5255,1.1961,539,0.4805,-0.9045,790,0.4886,-0.6404,2402,0.4992,-0.0816,2,2,no edge
dog_low_total,Big dog (7+) in low total (<=41),254,0.5118,0.3765,215,0.4698,-0.8866,71,0.4789,-0.356,91,0.5385,0.7338,631,0.4976,-0.1194,2,2,no edge
eliminated,Fade out-of-contention team (late season),247,0.5061,0.1909,206,0.4563,-1.2541,209,0.5311,0.8992,314,0.4936,-0.2257,976,0.4969,-0.1921,2,2,no edge
neutral_dog,Underdog at neutral/international site,8,0.5,0.0,13,0.5385,0.2774,26,0.3846,-1.1767,46,0.5217,0.2949,93,0.4839,-0.3111,2,2,no edge
ml_disc,Moneyline more bullish than spread (|diff|>=.02),0,,,982,0.5,0.0,988,0.503,0.1909,1192,0.4899,-0.6951,3162,0.4972,-0.3201,1,1,no edge
home_dog_div,Home dog in division game,251,0.498,-0.0631,204,0.4755,-0.7001,199,0.4874,-0.3544,308,0.5097,0.3419,962,0.4948,-0.3224,3,1,no edge
pickem_home,Home team in pick'em (|spread|<=1),99,0.5859,1.7086,173,0.474,-0.6843,153,0.4706,-0.7276,144,0.4583,-1.0,569,0.4886,-0.545,3,1,mostly holds (REVERSED)
qb_change,Team with new starting QB this week,352,0.446,-2.0254,295,0.4949,-0.1747,268,0.4813,-0.6108,430,0.5349,1.4467,1345,0.4922,-0.5726,3,1,no edge
prime_dog,Underdog in primetime,242,0.4587,-1.2856,274,0.4708,-0.9666,321,0.4766,-0.8372,482,0.529,1.2754,1319,0.4913,-0.6333,3,1,no edge
dog_in_cold,Underdog in cold (<= 35F),139,0.4892,-0.2545,129,0.5426,0.9685,115,0.4435,-1.2123,156,0.4615,-0.9608,539,0.4842,-0.7322,3,1,mostly holds (REVERSED)
fade_juice,Fade side with more expensive juice,0,,,840,0.4893,-0.6211,838,0.5143,0.8291,1152,0.4792,-1.4142,2830,0.4926,-0.7895,2,1,no edge
home_after_trip,Home team back from 2+ road games,404,0.4876,-0.4975,379,0.496,-0.1541,391,0.4706,-1.1632,550,0.4964,-0.1706,1724,0.4884,-0.9634,4,0,consistent but weak (REVERSED)
monday_home,Home team on Monday night,110,0.4455,-1.1442,103,0.5049,0.0985,100,0.51,0.2,155,0.4581,-1.0442,468,0.4765,-1.017,2,2,no edge
take_fav_25,Take favourite at -2.5,103,0.466,-0.6897,60,0.4167,-1.291,143,0.4895,-0.2509,225,0.4889,-0.3333,531,0.4765,-1.0849,4,0,consistent but weak (REVERSED)
turf_team_on_grass,Fade turf road team on grass,430,0.5233,0.9645,410,0.478,-0.889,407,0.4767,-0.9418,565,0.469,-1.4725,1812,0.4857,-1.2216,3,1,mostly holds (REVERSED)
ps_early,"Better previous season, weeks 1-4",198,0.4545,-1.2792,219,0.4658,-1.0136,208,0.4904,-0.2774,278,0.5,0.0,903,0.4795,-1.2313,3,0,no edge
fav_at_3,Take favourite at exactly -3,309,0.5178,0.6258,240,0.4417,-1.8074,219,0.4703,-0.8785,281,0.4626,-1.2528,1049,0.4757,-1.5746,3,1,mostly holds (REVERSED)
