model,window,kind,thr,n,ats
situational,2006-2011,min_edge_pts,0.0,1559,0.5164
situational,2006-2011,min_edge_pts,0.5,1120,0.5214
situational,2006-2011,min_edge_pts,1.0,773,0.5382
situational,2006-2011,min_edge_pts,1.5,506,0.5395
situational,2006-2011,min_edge_pts,2.0,335,0.5313
situational,2006-2011,min_edge_pts,3.0,134,0.5896
situational,2006-2011,top_frac_in_season,1.0,1559,0.5164
situational,2006-2011,top_frac_in_season,0.5,782,0.5345
situational,2006-2011,top_frac_prev_season_cut,0.5,703,0.5334
situational,2006-2011,top_frac_in_season,0.25,392,0.5485
situational,2006-2011,top_frac_prev_season_cut,0.25,379,0.5383
situational,2006-2011,top_frac_in_season,0.1,159,0.6038
situational,2006-2011,top_frac_prev_season_cut,0.1,213,0.6056
situational,2006-2011,top_frac_in_season,0.05,81,0.6173
situational,2006-2011,top_frac_prev_season_cut,0.05,139,0.5971
situational,2012-2025,min_edge_pts,0.0,3736,0.5104
situational,2012-2025,min_edge_pts,0.5,2201,0.5061
situational,2012-2025,min_edge_pts,1.0,978,0.5174
situational,2012-2025,min_edge_pts,1.5,414,0.4952
situational,2012-2025,min_edge_pts,2.0,200,0.5
situational,2012-2025,min_edge_pts,3.0,64,0.4375
situational,2012-2025,top_frac_in_season,1.0,3736,0.5104
situational,2012-2025,top_frac_in_season,0.5,1872,0.5176
situational,2012-2025,top_frac_prev_season_cut,0.5,1714,0.5117
situational,2012-2025,top_frac_in_season,0.25,941,0.5292
situational,2012-2025,top_frac_prev_season_cut,0.25,790,0.5177
situational,2012-2025,top_frac_in_season,0.1,381,0.5144
situational,2012-2025,top_frac_prev_season_cut,0.1,371,0.4987
situational,2012-2025,top_frac_in_season,0.05,194,0.4845
situational,2012-2025,top_frac_prev_season_cut,0.05,200,0.525
situational,2012-2017,min_edge_pts,0.0,1561,0.4971
situational,2012-2017,min_edge_pts,0.5,946,0.4905
situational,2012-2017,min_edge_pts,1.0,482,0.4876
situational,2012-2017,min_edge_pts,1.5,263,0.4677
situational,2012-2017,min_edge_pts,2.0,155,0.4516
situational,2012-2017,min_edge_pts,3.0,61,0.4426
situational,2012-2017,top_frac_in_season,1.0,1561,0.4971
situational,2012-2017,top_frac_in_season,0.5,782,0.4949
situational,2012-2017,top_frac_prev_season_cut,0.5,626,0.4936
situational,2012-2017,top_frac_in_season,0.25,393,0.5064
situational,2012-2017,top_frac_prev_season_cut,0.25,238,0.4748
situational,2012-2017,top_frac_in_season,0.1,159,0.4591
situational,2012-2017,top_frac_prev_season_cut,0.1,106,0.4245
situational,2012-2017,top_frac_in_season,0.05,81,0.4074
situational,2012-2017,top_frac_prev_season_cut,0.05,58,0.4138
situational,2018-2025,min_edge_pts,0.0,2175,0.52
situational,2018-2025,min_edge_pts,0.5,1255,0.5179
situational,2018-2025,min_edge_pts,1.0,496,0.5464
situational,2018-2025,min_edge_pts,1.5,151,0.543
situational,2018-2025,min_edge_pts,2.0,45,0.6667
situational,2018-2025,min_edge_pts,3.0,3,0.3333
situational,2018-2025,top_frac_in_season,1.0,2175,0.52
situational,2018-2025,top_frac_in_season,0.5,1090,0.5339
situational,2018-2025,top_frac_prev_season_cut,0.5,1088,0.5221
situational,2018-2025,top_frac_in_season,0.25,548,0.5456
situational,2018-2025,top_frac_prev_season_cut,0.25,552,0.5362
situational,2018-2025,top_frac_in_season,0.1,222,0.5541
situational,2018-2025,top_frac_prev_season_cut,0.1,265,0.5283
situational,2018-2025,top_frac_in_season,0.05,113,0.5398
situational,2018-2025,top_frac_prev_season_cut,0.05,142,0.5704
mlp,2006-2011,min_edge_pts,0.0,1559,0.5183
mlp,2006-2011,min_edge_pts,0.5,659,0.5266
mlp,2006-2011,min_edge_pts,1.0,128,0.5391
mlp,2006-2011,min_edge_pts,1.5,36,0.5278
mlp,2006-2011,min_edge_pts,2.0,8,0.5
mlp,2006-2011,min_edge_pts,3.0,1,1.0
mlp,2006-2011,top_frac_in_season,1.0,1559,0.5183
mlp,2006-2011,top_frac_in_season,0.5,781,0.5288
mlp,2006-2011,top_frac_prev_season_cut,0.5,728,0.533
mlp,2006-2011,top_frac_in_season,0.25,393,0.5242
mlp,2006-2011,top_frac_prev_season_cut,0.25,451,0.5299
mlp,2006-2011,top_frac_in_season,0.1,159,0.5723
mlp,2006-2011,top_frac_prev_season_cut,0.1,256,0.5117
mlp,2006-2011,top_frac_in_season,0.05,81,0.5679
mlp,2006-2011,top_frac_prev_season_cut,0.05,183,0.5027
mlp,2012-2025,min_edge_pts,0.0,3736,0.5043
mlp,2012-2025,min_edge_pts,0.5,1608,0.51
mlp,2012-2025,min_edge_pts,1.0,386,0.4767
mlp,2012-2025,min_edge_pts,1.5,170,0.5
mlp,2012-2025,min_edge_pts,2.0,77,0.4675
mlp,2012-2025,min_edge_pts,3.0,9,0.4444
mlp,2012-2025,top_frac_in_season,1.0,3736,0.5043
mlp,2012-2025,top_frac_in_season,0.5,1873,0.5104
mlp,2012-2025,top_frac_prev_season_cut,0.5,1750,0.5034
mlp,2012-2025,top_frac_in_season,0.25,942,0.4989
mlp,2012-2025,top_frac_prev_season_cut,0.25,934,0.5011
mlp,2012-2025,top_frac_in_season,0.1,381,0.5276
mlp,2012-2025,top_frac_prev_season_cut,0.1,412,0.5121
mlp,2012-2025,top_frac_in_season,0.05,194,0.4691
mlp,2012-2025,top_frac_prev_season_cut,0.05,222,0.4955
mlp,2012-2017,min_edge_pts,0.0,1561,0.501
mlp,2012-2017,min_edge_pts,0.5,716,0.4916
mlp,2012-2017,min_edge_pts,1.0,332,0.4729
mlp,2012-2017,min_edge_pts,1.5,170,0.5
mlp,2012-2017,min_edge_pts,2.0,77,0.4675
mlp,2012-2017,min_edge_pts,3.0,9,0.4444
mlp,2012-2017,top_frac_in_season,1.0,1561,0.501
mlp,2012-2017,top_frac_in_season,0.5,783,0.4981
mlp,2012-2017,top_frac_prev_season_cut,0.5,695,0.4748
mlp,2012-2017,top_frac_in_season,0.25,394,0.4848
mlp,2012-2017,top_frac_prev_season_cut,0.25,395,0.4734
mlp,2012-2017,top_frac_in_season,0.1,159,0.478
mlp,2012-2017,top_frac_prev_season_cut,0.1,178,0.5169
mlp,2012-2017,top_frac_in_season,0.05,81,0.4321
mlp,2012-2017,top_frac_prev_season_cut,0.05,104,0.4808
mlp,2018-2025,min_edge_pts,0.0,2175,0.5067
mlp,2018-2025,min_edge_pts,0.5,892,0.5247
mlp,2018-2025,min_edge_pts,1.0,54,0.5
mlp,2018-2025,min_edge_pts,1.5,0,
mlp,2018-2025,min_edge_pts,2.0,0,
mlp,2018-2025,min_edge_pts,3.0,0,
mlp,2018-2025,top_frac_in_season,1.0,2175,0.5067
mlp,2018-2025,top_frac_in_season,0.5,1090,0.5193
mlp,2018-2025,top_frac_prev_season_cut,0.5,1055,0.5223
mlp,2018-2025,top_frac_in_season,0.25,548,0.5091
mlp,2018-2025,top_frac_prev_season_cut,0.25,539,0.5213
mlp,2018-2025,top_frac_in_season,0.1,222,0.5631
mlp,2018-2025,top_frac_prev_season_cut,0.1,234,0.5085
mlp,2018-2025,top_frac_in_season,0.05,113,0.4956
mlp,2018-2025,top_frac_prev_season_cut,0.05,118,0.5085
knn,2006-2011,min_edge_pts,0.0,1559,0.5106
knn,2006-2011,min_edge_pts,0.5,384,0.5234
knn,2006-2011,min_edge_pts,1.0,35,0.5714
knn,2006-2011,min_edge_pts,1.5,0,
knn,2006-2011,min_edge_pts,2.0,0,
knn,2006-2011,min_edge_pts,3.0,0,
knn,2006-2011,top_frac_in_season,1.0,1559,0.5106
knn,2006-2011,top_frac_in_season,0.5,781,0.5288
knn,2006-2011,top_frac_prev_season_cut,0.5,635,0.5276
knn,2006-2011,top_frac_in_season,0.25,392,0.5281
knn,2006-2011,top_frac_prev_season_cut,0.25,325,0.5415
knn,2006-2011,top_frac_in_season,0.1,159,0.566
knn,2006-2011,top_frac_prev_season_cut,0.1,137,0.5766
knn,2006-2011,top_frac_in_season,0.05,81,0.6049
knn,2006-2011,top_frac_prev_season_cut,0.05,78,0.6667
knn,2012-2025,min_edge_pts,0.0,3736,0.5115
knn,2012-2025,min_edge_pts,0.5,773,0.5058
knn,2012-2025,min_edge_pts,1.0,59,0.5254
knn,2012-2025,min_edge_pts,1.5,0,
knn,2012-2025,min_edge_pts,2.0,0,
knn,2012-2025,min_edge_pts,3.0,0,
knn,2012-2025,top_frac_in_season,1.0,3736,0.5115
knn,2012-2025,top_frac_in_season,0.5,1872,0.5064
knn,2012-2025,top_frac_prev_season_cut,0.5,1867,0.5078
knn,2012-2025,top_frac_in_season,0.25,941,0.4984
knn,2012-2025,top_frac_prev_season_cut,0.25,936,0.5032
knn,2012-2025,top_frac_in_season,0.1,381,0.5066
knn,2012-2025,top_frac_prev_season_cut,0.1,372,0.5134
knn,2012-2025,top_frac_in_season,0.05,194,0.5
knn,2012-2025,top_frac_prev_season_cut,0.05,187,0.4866
knn,2012-2017,min_edge_pts,0.0,1561,0.5003
knn,2012-2017,min_edge_pts,0.5,337,0.4837
knn,2012-2017,min_edge_pts,1.0,25,0.48
knn,2012-2017,min_edge_pts,1.5,0,
knn,2012-2017,min_edge_pts,2.0,0,
knn,2012-2017,min_edge_pts,3.0,0,
knn,2012-2017,top_frac_in_season,1.0,1561,0.5003
knn,2012-2017,top_frac_in_season,0.5,782,0.4962
knn,2012-2017,top_frac_prev_season_cut,0.5,775,0.4942
knn,2012-2017,top_frac_in_season,0.25,393,0.486
knn,2012-2017,top_frac_prev_season_cut,0.25,384,0.4818
knn,2012-2017,top_frac_in_season,0.1,159,0.4465
knn,2012-2017,top_frac_prev_season_cut,0.1,143,0.4615
knn,2012-2017,top_frac_in_season,0.05,81,0.4568
knn,2012-2017,top_frac_prev_season_cut,0.05,74,0.4459
knn,2018-2025,min_edge_pts,0.0,2175,0.5195
knn,2018-2025,min_edge_pts,0.5,436,0.5229
knn,2018-2025,min_edge_pts,1.0,34,0.5588
knn,2018-2025,min_edge_pts,1.5,0,
knn,2018-2025,min_edge_pts,2.0,0,
knn,2018-2025,min_edge_pts,3.0,0,
knn,2018-2025,top_frac_in_season,1.0,2175,0.5195
knn,2018-2025,top_frac_in_season,0.5,1090,0.5138
knn,2018-2025,top_frac_prev_season_cut,0.5,1092,0.5174
knn,2018-2025,top_frac_in_season,0.25,548,0.5073
knn,2018-2025,top_frac_prev_season_cut,0.25,552,0.5181
knn,2018-2025,top_frac_in_season,0.1,222,0.5495
knn,2018-2025,top_frac_prev_season_cut,0.1,229,0.5459
knn,2018-2025,top_frac_in_season,0.05,113,0.531
knn,2018-2025,top_frac_prev_season_cut,0.05,113,0.5133
