feature,r_train_1999_2011,r_2012_2017,z_2012_2017,r_2018_2025,z_2018_2025,held_both
key3,-0.03390929532311561,-9.926985116086254e-05,-0.00392210144292179,-0.01224062266411849,-0.5708646371703151,True
big_fav_sign,-0.027850915540005416,0.011267348171080865,0.44516720840134766,0.001392775464979355,0.06495472348852234,False
div_game,-0.04059682927790184,0.0061026033585368025,0.24111076180935206,-0.01669516139481133,-0.7786104934095012,False
temp_f,-0.031481394158848756,-0.030911987196154466,-1.2213169272224778,-0.027051099139986448,-1.2615792774066923,True
a_dome_in_cold,0.04789611784839251,-0.005232387798555236,-0.20672898664252967,0.009114930316545663,0.4250920505245611,False
late,0.04508702386234939,0.006037403047784381,0.23853473061870753,0.014608388237025198,0.6812898722070894,True
travel_diff,0.04094145477262011,-0.02741800168726473,-1.0832713328581032,-0.013574717954822629,-0.6330826995170061,False
tz_diff,0.0413540054520228,-0.018551953685741734,-0.7329782755688546,-0.02595777486943977,-1.2105900279100388,False
west_night_home,0.03626359044524854,0.0017510081956348203,0.06918144522588743,-0.00023390260237833265,-0.01090849116943311,False
ref_hw_res,-0.03022583719015352,-0.03688198993979243,-1.4571887060279738,0.007952551490460124,0.37088231095364,False
h2h_margin_diff,-0.038972249988315735,0.0278600227479759,1.1007353606544963,-0.0035865997386531736,-0.16726787637063714,False
ang_fade_big_fav,0.027850915540005416,-0.011267348171080865,-0.44516720840134766,-0.001392775464979355,-0.06495472348852234,False
ang_west_night_home,0.03626359044524854,0.0017510081956348203,0.06918144522588743,-0.00023390260237833265,-0.01090849116943311,False
ang_travel_far,0.04245891192131904,-0.0002688495616725188,-0.01062210974866858,0.0005482259115705046,0.025567554419716226,False
ang_dome_in_cold,0.04789611784839251,-0.005232387798555236,-0.20672898664252967,0.009114930316545663,0.4250920505245611,False
