season,n,expected_acc,sd_acc,actual_mkt_model,actual_spread_fav,p_reach_68,close_share,close_expected
2006,267,0.6712393796999807,0.028140436290871318,0.602996254681648,0.602996254681648,0.38321863292052105,0.41947565543071164,0.5832980715345556
2007,267,0.6718031054320166,0.028034150147579026,0.6853932584269663,0.6853932584269663,0.3904687682460477,0.4344569288389513,0.579232559510244
2008,266,0.665444508447716,0.028335306621745292,0.6766917293233082,0.6766917293233082,0.32348293210397844,0.424812030075188,0.5771237963750688
2009,267,0.6933701516090316,0.02744884202609151,0.6891385767790262,0.6891385767790262,0.6918348608402913,0.3445692883895131,0.5784148009849124
2010,267,0.6537114863338593,0.02862658448620385,0.6591760299625468,0.6591760299625468,0.18155537772233576,0.47191011235955055,0.5815578548729139
2011,267,0.6689179277965654,0.028138445749809584,0.6629213483146067,0.6629213483146067,0.35194326246785834,0.44569288389513106,0.57768478316788
2012,266,0.6576848800261486,0.02855526067024374,0.6466165413533834,0.6466165413533834,0.23316822203996002,0.4924812030075188,0.5837804670159963
2013,266,0.6642507649645844,0.0283058235042247,0.7105263157894737,0.706766917293233,0.3081799733296666,0.47368421052631576,0.5802448770465481
2014,266,0.6707431735066358,0.028259751535576777,0.6729323308270677,0.6729323308270677,0.39336467130608654,0.42857142857142855,0.5861534481500031
2015,267,0.658432634252132,0.028509467667216116,0.6292134831460674,0.6292134831460674,0.22790132544513653,0.5056179775280899,0.5890787877493933
2016,265,0.6486716982262541,0.028848027470771646,0.6528301886792452,0.6528301886792452,0.1298625434629975,0.5320754716981132,0.5845835984405386
2017,267,0.669733436638458,0.028134089324186706,0.6928838951310862,0.6966292134831461,0.3628013391917994,0.45692883895131087,0.5824636964450594
2018,265,0.6736714030516425,0.02810677946064669,0.6566037735849056,0.6566037735849056,0.3978225659468183,0.46037735849056605,0.5849139966185215
2019,266,0.6795259169145751,0.02787594261324911,0.6428571428571429,0.6428571428571429,0.5164633716234741,0.41353383458646614,0.5855586874474771
2020,268,0.6751487935929322,0.02796287998138388,0.6716417910447762,0.6716417910447762,0.4201705862677975,0.4291044776119403,0.5839961003489154
2021,284,0.6898940815634678,0.026732400975420092,0.6232394366197183,0.6232394366197183,0.6280001901416337,0.4084507042253521,0.5910124545490834
2022,282,0.6582580261544232,0.02762717453146791,0.6631205673758865,0.6631205673758865,0.22633896896330352,0.5106382978723404,0.5799976669955187
2023,285,0.6573696100456743,0.0275559676618414,0.6736842105263158,0.6736842105263158,0.2174893090187061,0.5403508771929825,0.5889588916648218
2024,285,0.6578656189680238,0.027659834485030826,0.7052631578947368,0.7052631578947368,0.2237631990328688,0.4807017543859649,0.5876851134550428
2025,284,0.6731018243192756,0.02722660084309778,0.6584507042253521,0.6584507042253521,0.38346862457210174,0.5,0.5929488865584275
