period,bucket,n,spread_fav,ml_fav,juice_side,market_model,ml_disagrees
2006-2017 (dev),0-1,326,0.549079754601227,0.5429447852760736,0.5552147239263804,0.549079754601227,32
2006-2017 (dev),1.5-2.5,296,0.5202702702702703,0.5202702702702703,0.4797297297297297,0.5202702702702703,0
2006-2017 (dev),3-3.5,766,0.5900783289817232,0.5900783289817232,0.46736292428198434,0.5900783289817232,0
2006-2017 (dev),4-6.5,715,0.6643356643356644,0.6643356643356644,0.5300699300699301,0.6643356643356644,0
2006-2017 (dev),7+,959,0.8091762252346194,0.8091762252346194,0.40875912408759124,0.8091762252346194,0
2018-2025 (holdout),0-1,144,0.4444444444444444,0.4375,0.4722222222222222,0.4444444444444444,11
2018-2025 (holdout),1.5-2.5,363,0.5564738292011019,0.5564738292011019,0.5619834710743802,0.5564738292011019,0
2018-2025 (holdout),3-3.5,532,0.599624060150376,0.599624060150376,0.48120300751879697,0.599624060150376,0
2018-2025 (holdout),4-6.5,529,0.6805293005671077,0.6805293005671077,0.5368620037807184,0.6805293005671077,0
2018-2025 (holdout),7+,650,0.8046153846153846,0.8046153846153846,0.41384615384615386,0.8046153846153846,0
