season,d_coach_go4,d_coach_log_games,_intercept
2009,0.0632014490001968,0.0005453379217818825,0.0
2010,0.02598840047570255,-0.056677839394668944,0.0
2011,0.010863091222873402,-0.06005450734078123,0.0
2012,0.023027096122165018,-0.046917483851530876,0.0
2013,0.024209553174199684,-0.07513648970364355,0.0
2014,0.02036280080631903,-0.07549386122066332,0.0
2015,0.032377980991445864,-0.07833200784410081,0.0
2016,0.04091067201597445,-0.09575055571356263,0.0
2017,0.058100590407533785,-0.10060835560692376,0.0
2018,0.06112677363688986,-0.08912647455847497,0.0
2019,0.047076619428716916,-0.08070119064257222,0.0
2020,0.05749925532355477,-0.06609808004652935,0.0
2021,0.04814239503699765,-0.0723874474906111,0.0
2022,0.05068583196396442,-0.05939441126896815,0.0
2023,0.05475457861195624,-0.04188735102283026,0.0
2024,0.04948456819046747,-0.03406822144416104,0.0
2025,0.057952250647616485,-0.01946284811576313,0.0
2026,0.04854081603537562,-0.025040075778237945,0.0
