design,cfg,su,mkt,ll,pk_su,pk_mkt,flips,flip_acc,n,sec
market,{'hl': 4},0.662,0.662,0.6086,0.5247,0.5247,0,,2219,0.2
logit,{'alpha': 0.03},0.6643,0.662,0.6091,0.5345,0.5247,9,0.7778,2219,0.1
logit,"{'alpha': 0.01, 'by': 'family'}",0.6652,0.662,0.609,0.5385,0.5247,15,0.7333,2219,0.1
logit,"{'alpha': 0.03, 'by': 'family', 'ctx': 1}",0.6656,0.662,0.6091,0.5404,0.5247,12,0.8333,2219,0.2
logit,"{'alpha': 0.03, 'ctx': 1}",0.6656,0.662,0.6097,0.5404,0.5247,14,0.7857,2219,0.6
lgbm,"{'n': 100, 'hl': 4}",0.6643,0.662,0.6085,0.5345,0.5247,41,0.561,2219,0.9
bma,"{'tau': 1.0, 'hl': 4}",0.6634,0.662,0.6092,0.5306,0.5247,7,0.7143,2219,0.2
bma,"{'tau': 0.02, 'hl': 4, 'cells': ['pickem', 'early', 'playoff']}",0.6611,0.662,0.6124,0.5187,0.5247,46,0.4783,2219,2.6
router,"{'k': 3, 'conf': 0.5}",0.662,0.662,0.6081,0.5266,0.5247,74,0.5,2219,0.1
guard,"{'base': 'bma', 'base_cfg': {'tau': 1.0, 'hl': 4}, 'delta': 0.02}",0.6616,0.662,0.6092,0.5227,0.5247,1,0.0,2219,0.1
guard,"{'base': 'logit', 'base_cfg': {'alpha': 0.01, 'by': 'family'}, 'delta': 1.0}",0.662,0.662,0.6091,0.5247,0.5247,0,,2219,0.1
